addonID,itemID
Addon_Flashlight_001,Item_Camper_Flashlight
Addon_Flashlight_001,Item_Camper_Flashlight02
Addon_Flashlight_001,Item_Camper_Flashlight03
Addon_Flashlight_001,Item_Camper_Flashlight04
Addon_Flashlight_001,Item_Camper_Flashlight_Anniversary2020
Addon_Flashlight_001,Item_Camper_Flashlight_Anniversary2022
Addon_Flashlight_002,Item_Camper_Flashlight
Addon_Flashlight_002,Item_Camper_Flashlight02
Addon_Flashlight_002,Item_Camper_Flashlight03
Addon_Flashlight_002,Item_Camper_Flashlight04
Addon_Flashlight_002,Item_Camper_Flashlight_Anniversary2020
Addon_Flashlight_002,Item_Camper_Flashlight_Anniversary2022
Addon_Flashlight_003,Item_Camper_Flashlight
Addon_Flashlight_003,Item_Camper_Flashlight02
Addon_Flashlight_003,Item_Camper_Flashlight03
Addon_Flashlight_003,Item_Camper_Flashlight04
Addon_Flashlight_003,Item_Camper_Flashlight_Anniversary2020
Addon_Flashlight_003,Item_Camper_Flashlight_Anniversary2022
Addon_Flashlight_004,Item_Camper_Flashlight
Addon_Flashlight_004,Item_Camper_Flashlight02
Addon_Flashlight_004,Item_Camper_Flashlight03
Addon_Flashlight_004,Item_Camper_Flashlight04
Addon_Flashlight_004,Item_Camper_Flashlight_Anniversary2020
Addon_Flashlight_004,Item_Camper_Flashlight_Anniversary2022
Addon_Flashlight_005,Item_Camper_Flashlight
Addon_Flashlight_005,Item_Camper_Flashlight02
Addon_Flashlight_005,Item_Camper_Flashlight03
Addon_Flashlight_005,Item_Camper_Flashlight04
Addon_Flashlight_005,Item_Camper_Flashlight_Anniversary2020
Addon_Flashlight_005,Item_Camper_Flashlight_Anniversary2022
Addon_Flashlight_006,Item_Camper_Flashlight
Addon_Flashlight_006,Item_Camper_Flashlight02
Addon_Flashlight_006,Item_Camper_Flashlight03
Addon_Flashlight_006,Item_Camper_Flashlight04
Addon_Flashlight_006,Item_Camper_Flashlight_Anniversary2020
Addon_Flashlight_006,Item_Camper_Flashlight_Anniversary2022
Addon_Flashlight_007,Item_Camper_Flashlight
Addon_Flashlight_007,Item_Camper_Flashlight02
Addon_Flashlight_007,Item_Camper_Flashlight03
Addon_Flashlight_007,Item_Camper_Flashlight04
Addon_Flashlight_007,Item_Camper_Flashlight_Anniversary2020
Addon_Flashlight_007,Item_Camper_Flashlight_Anniversary2022
Addon_Flashlight_008,Item_Camper_Flashlight
Addon_Flashlight_008,Item_Camper_Flashlight02
Addon_Flashlight_008,Item_Camper_Flashlight03
Addon_Flashlight_008,Item_Camper_Flashlight04
Addon_Flashlight_008,Item_Camper_Flashlight_Anniversary2020
Addon_Flashlight_008,Item_Camper_Flashlight_Anniversary2022
Addon_Flashlight_BrokenBulb,Item_Camper_Flashlight
Addon_Flashlight_BrokenBulb,Item_Camper_Flashlight02
Addon_Flashlight_BrokenBulb,Item_Camper_Flashlight03
Addon_Flashlight_BrokenBulb,Item_Camper_Flashlight04
Addon_Flashlight_BrokenBulb,Item_Camper_Flashlight_Anniversary2020
Addon_Flashlight_BrokenBulb,Item_Camper_Flashlight_Anniversary2022
ADDON_flashlight_highendsapphire,Item_Camper_Flashlight
ADDON_flashlight_highendsapphire,Item_Camper_Flashlight02
ADDON_flashlight_highendsapphire,Item_Camper_Flashlight03
ADDON_flashlight_highendsapphire,Item_Camper_Flashlight04
ADDON_flashlight_highendsapphire,Item_Camper_Flashlight_Anniversary2020
ADDON_flashlight_highendsapphire,Item_Camper_Flashlight_Anniversary2022
ADDON_flashlight_intensehalogen,Item_Camper_Flashlight
ADDON_flashlight_intensehalogen,Item_Camper_Flashlight02
ADDON_flashlight_intensehalogen,Item_Camper_Flashlight03
ADDON_flashlight_intensehalogen,Item_Camper_Flashlight04
ADDON_flashlight_intensehalogen,Item_Camper_Flashlight_Anniversary2020
ADDON_flashlight_intensehalogen,Item_Camper_Flashlight_Anniversary2022
ADDON_flashlight_lonflifebattery,Item_Camper_Flashlight
ADDON_flashlight_lonflifebattery,Item_Camper_Flashlight02
ADDON_flashlight_lonflifebattery,Item_Camper_Flashlight03
ADDON_flashlight_lonflifebattery,Item_Camper_Flashlight04
ADDON_flashlight_lonflifebattery,Item_Camper_Flashlight_Anniversary2020
ADDON_flashlight_lonflifebattery,Item_Camper_Flashlight_Anniversary2022
ADDON_flashlight_oddbulb,Item_Camper_Flashlight
ADDON_flashlight_oddbulb,Item_Camper_Flashlight02
ADDON_flashlight_oddbulb,Item_Camper_Flashlight03
ADDON_flashlight_oddbulb,Item_Camper_Flashlight04
ADDON_flashlight_oddbulb,Item_Camper_Flashlight_Anniversary2020
ADDON_flashlight_oddbulb,Item_Camper_Flashlight_Anniversary2022
ADDON_flashlight_rubbergrip,Item_Camper_Flashlight
ADDON_flashlight_rubbergrip,Item_Camper_Flashlight02
ADDON_flashlight_rubbergrip,Item_Camper_Flashlight03
ADDON_flashlight_rubbergrip,Item_Camper_Flashlight04
ADDON_flashlight_rubbergrip,Item_Camper_Flashlight_Anniversary2020
ADDON_flashlight_rubbergrip,Item_Camper_Flashlight_Anniversary2022
Addon_Key_001,Item_Camper_BrokenKey
Addon_Key_001,Item_Camper_DullKey
Addon_Key_001,Item_Camper_Key
Addon_Key_002,Item_Camper_BrokenKey
Addon_Key_002,Item_Camper_DullKey
Addon_Key_002,Item_Camper_Key
Addon_Key_003,Item_Camper_BrokenKey
Addon_Key_003,Item_Camper_DullKey
Addon_Key_003,Item_Camper_Key
Addon_Key_004,Item_Camper_BrokenKey
Addon_Key_004,Item_Camper_DullKey
Addon_Key_004,Item_Camper_Key
Addon_Key_005,Item_Camper_BrokenKey
Addon_Key_005,Item_Camper_DullKey
Addon_Key_005,Item_Camper_Key
Addon_Key_006,Item_Camper_BrokenKey
Addon_Key_006,Item_Camper_DullKey
Addon_Key_006,Item_Camper_Key
Addon_Key_007,Item_Camper_BrokenKey
Addon_Key_007,Item_Camper_DullKey
Addon_Key_007,Item_Camper_Key
Addon_Key_008,Item_Camper_BrokenKey
Addon_Key_008,Item_Camper_DullKey
Addon_Key_008,Item_Camper_Key
Addon_Key_WeddingRing,Item_Camper_BrokenKey
Addon_Key_WeddingRing,Item_Camper_DullKey
Addon_Key_WeddingRing,Item_Camper_Key
Addon_Map_001,Item_Camper_BeigeMap
Addon_Map_001,Item_Camper_RainbowMap
Addon_Map_002,Item_Camper_BeigeMap
Addon_Map_002,Item_Camper_RainbowMap
Addon_Map_003,Item_Camper_BeigeMap
Addon_Map_003,Item_Camper_RainbowMap
Addon_Map_004,Item_Camper_BeigeMap
Addon_Map_004,Item_Camper_RainbowMap
Addon_Map_005,Item_Camper_BeigeMap
Addon_Map_005,Item_Camper_RainbowMap
Addon_Map_006,Item_Camper_BeigeMap
Addon_Map_006,Item_Camper_RainbowMap
Addon_Map_007,Item_Camper_BeigeMap
Addon_Map_007,Item_Camper_RainbowMap
Addon_Map_008,Item_Camper_BeigeMap
Addon_Map_008,Item_Camper_RainbowMap
Addon_Map_009,Item_Camper_BeigeMap
Addon_Map_009,Item_Camper_RainbowMap
Addon_Medkit_001,Item_Camper_MedKit
Addon_Medkit_001,Item_Camper_MedKit02
Addon_Medkit_001,Item_Camper_MedKit03
Addon_Medkit_001,Item_Camper_MedKit04
Addon_Medkit_001,Item_Camper_Medkit05
Addon_Medkit_001,Item_Camper_Medkit_Anniversary2020
Addon_Medkit_001,Item_Camper_Medkit_Anniversary2022
Addon_Medkit_002,Item_Camper_MedKit
Addon_Medkit_002,Item_Camper_MedKit02
Addon_Medkit_002,Item_Camper_MedKit03
Addon_Medkit_002,Item_Camper_MedKit04
Addon_Medkit_002,Item_Camper_Medkit05
Addon_Medkit_002,Item_Camper_Medkit_Anniversary2020
Addon_Medkit_002,Item_Camper_Medkit_Anniversary2022
Addon_Medkit_003,Item_Camper_MedKit
Addon_Medkit_003,Item_Camper_MedKit02
Addon_Medkit_003,Item_Camper_MedKit03
Addon_Medkit_003,Item_Camper_MedKit04
Addon_Medkit_003,Item_Camper_Medkit05
Addon_Medkit_003,Item_Camper_Medkit_Anniversary2020
Addon_Medkit_003,Item_Camper_Medkit_Anniversary2022
Addon_Medkit_004,Item_Camper_MedKit
Addon_Medkit_004,Item_Camper_MedKit02
Addon_Medkit_004,Item_Camper_MedKit03
Addon_Medkit_004,Item_Camper_MedKit04
Addon_Medkit_004,Item_Camper_Medkit05
Addon_Medkit_004,Item_Camper_Medkit_Anniversary2020
Addon_Medkit_004,Item_Camper_Medkit_Anniversary2022
Addon_Medkit_005,Item_Camper_MedKit
Addon_Medkit_005,Item_Camper_MedKit02
Addon_Medkit_005,Item_Camper_MedKit03
Addon_Medkit_005,Item_Camper_MedKit04
Addon_Medkit_005,Item_Camper_Medkit05
Addon_Medkit_005,Item_Camper_Medkit_Anniversary2020
Addon_Medkit_005,Item_Camper_Medkit_Anniversary2022
Addon_Medkit_006,Item_Camper_MedKit
Addon_Medkit_006,Item_Camper_MedKit02
Addon_Medkit_006,Item_Camper_MedKit03
Addon_Medkit_006,Item_Camper_MedKit04
Addon_Medkit_006,Item_Camper_Medkit05
Addon_Medkit_006,Item_Camper_Medkit_Anniversary2020
Addon_Medkit_006,Item_Camper_Medkit_Anniversary2022
Addon_Medkit_007,Item_Camper_MedKit
Addon_Medkit_007,Item_Camper_MedKit02
Addon_Medkit_007,Item_Camper_MedKit03
Addon_Medkit_007,Item_Camper_MedKit04
Addon_Medkit_007,Item_Camper_Medkit05
Addon_Medkit_007,Item_Camper_Medkit_Anniversary2020
Addon_Medkit_007,Item_Camper_Medkit_Anniversary2022
Addon_Medkit_008,Item_Camper_MedKit
Addon_Medkit_008,Item_Camper_MedKit02
Addon_Medkit_008,Item_Camper_MedKit03
Addon_Medkit_008,Item_Camper_MedKit04
Addon_Medkit_008,Item_Camper_Medkit05
Addon_Medkit_008,Item_Camper_Medkit_Anniversary2020
Addon_Medkit_008,Item_Camper_Medkit_Anniversary2022
ADDON_medkit_abdominaldressing,Item_Camper_MedKit
ADDON_medkit_abdominaldressing,Item_Camper_MedKit02
ADDON_medkit_abdominaldressing,Item_Camper_MedKit03
ADDON_medkit_abdominaldressing,Item_Camper_MedKit04
ADDON_medkit_abdominaldressing,Item_Camper_Medkit05
ADDON_medkit_abdominaldressing,Item_Camper_Medkit_Anniversary2020
ADDON_medkit_abdominaldressing,Item_Camper_Medkit_Anniversary2022
Addon_Medkit_BlightedSyringe,Item_Camper_MedKit
Addon_Medkit_BlightedSyringe,Item_Camper_MedKit02
Addon_Medkit_BlightedSyringe,Item_Camper_MedKit03
Addon_Medkit_BlightedSyringe,Item_Camper_MedKit04
Addon_Medkit_BlightedSyringe,Item_Camper_Medkit05
Addon_Medkit_BlightedSyringe,Item_Camper_Medkit_Anniversary2020
Addon_Medkit_BlightedSyringe,Item_Camper_Medkit_Anniversary2022
ADDON_medkit_gauzeroll,Item_Camper_MedKit
ADDON_medkit_gauzeroll,Item_Camper_MedKit02
ADDON_medkit_gauzeroll,Item_Camper_MedKit03
ADDON_medkit_gauzeroll,Item_Camper_MedKit04
ADDON_medkit_gauzeroll,Item_Camper_Medkit05
ADDON_medkit_gauzeroll,Item_Camper_Medkit_Anniversary2020
ADDON_medkit_gauzeroll,Item_Camper_Medkit_Anniversary2022
ADDON_medkit_needleandthread,Item_Camper_MedKit
ADDON_medkit_needleandthread,Item_Camper_MedKit02
ADDON_medkit_needleandthread,Item_Camper_MedKit03
ADDON_medkit_needleandthread,Item_Camper_MedKit04
ADDON_medkit_needleandthread,Item_Camper_Medkit05
ADDON_medkit_needleandthread,Item_Camper_Medkit_Anniversary2020
ADDON_medkit_needleandthread,Item_Camper_Medkit_Anniversary2022
ADDON_medkit_selfadherentwrap,Item_Camper_MedKit
ADDON_medkit_selfadherentwrap,Item_Camper_MedKit02
ADDON_medkit_selfadherentwrap,Item_Camper_MedKit03
ADDON_medkit_selfadherentwrap,Item_Camper_MedKit04
ADDON_medkit_selfadherentwrap,Item_Camper_Medkit05
ADDON_medkit_selfadherentwrap,Item_Camper_Medkit_Anniversary2020
ADDON_medkit_selfadherentwrap,Item_Camper_Medkit_Anniversary2022
ADDON_medkit_surgicalsuture,Item_Camper_MedKit
ADDON_medkit_surgicalsuture,Item_Camper_MedKit02
ADDON_medkit_surgicalsuture,Item_Camper_MedKit03
ADDON_medkit_surgicalsuture,Item_Camper_MedKit04
ADDON_medkit_surgicalsuture,Item_Camper_Medkit05
ADDON_medkit_surgicalsuture,Item_Camper_Medkit_Anniversary2020
ADDON_medkit_surgicalsuture,Item_Camper_Medkit_Anniversary2022
Addon_Toolbox_001,Item_Camper_AlexsToolbox
Addon_Toolbox_001,Item_Camper_AnniversaryToolbox
Addon_Toolbox_001,Item_Camper_CommodiousToolbox
Addon_Toolbox_001,Item_Camper_EngineerToolbox
Addon_Toolbox_001,Item_Camper_LunarToolbox
Addon_Toolbox_001,Item_Camper_MechanicsToolbox
Addon_Toolbox_001,Item_Camper_Toolbox
Addon_Toolbox_001,Item_Camper_Toolbox_Anniversary2022
Addon_Toolbox_001,Item_Camper_WornoutToolbox
Addon_Toolbox_002,Item_Camper_AlexsToolbox
Addon_Toolbox_002,Item_Camper_AnniversaryToolbox
Addon_Toolbox_002,Item_Camper_CommodiousToolbox
Addon_Toolbox_002,Item_Camper_EngineerToolbox
Addon_Toolbox_002,Item_Camper_LunarToolbox
Addon_Toolbox_002,Item_Camper_MechanicsToolbox
Addon_Toolbox_002,Item_Camper_Toolbox
Addon_Toolbox_002,Item_Camper_Toolbox_Anniversary2022
Addon_Toolbox_002,Item_Camper_WornoutToolbox
Addon_Toolbox_003,Item_Camper_AlexsToolbox
Addon_Toolbox_003,Item_Camper_AnniversaryToolbox
Addon_Toolbox_003,Item_Camper_CommodiousToolbox
Addon_Toolbox_003,Item_Camper_EngineerToolbox
Addon_Toolbox_003,Item_Camper_LunarToolbox
Addon_Toolbox_003,Item_Camper_MechanicsToolbox
Addon_Toolbox_003,Item_Camper_Toolbox
Addon_Toolbox_003,Item_Camper_Toolbox_Anniversary2022
Addon_Toolbox_003,Item_Camper_WornoutToolbox
Addon_Toolbox_004,Item_Camper_AlexsToolbox
Addon_Toolbox_004,Item_Camper_AnniversaryToolbox
Addon_Toolbox_004,Item_Camper_CommodiousToolbox
Addon_Toolbox_004,Item_Camper_EngineerToolbox
Addon_Toolbox_004,Item_Camper_LunarToolbox
Addon_Toolbox_004,Item_Camper_MechanicsToolbox
Addon_Toolbox_004,Item_Camper_Toolbox
Addon_Toolbox_004,Item_Camper_Toolbox_Anniversary2022
Addon_Toolbox_004,Item_Camper_WornoutToolbox
Addon_Toolbox_005,Item_Camper_AlexsToolbox
Addon_Toolbox_005,Item_Camper_AnniversaryToolbox
Addon_Toolbox_005,Item_Camper_CommodiousToolbox
Addon_Toolbox_005,Item_Camper_EngineerToolbox
Addon_Toolbox_005,Item_Camper_LunarToolbox
Addon_Toolbox_005,Item_Camper_MechanicsToolbox
Addon_Toolbox_005,Item_Camper_Toolbox
Addon_Toolbox_005,Item_Camper_Toolbox_Anniversary2022
Addon_Toolbox_005,Item_Camper_WornoutToolbox
Addon_Toolbox_006,Item_Camper_AlexsToolbox
Addon_Toolbox_006,Item_Camper_AnniversaryToolbox
Addon_Toolbox_006,Item_Camper_CommodiousToolbox
Addon_Toolbox_006,Item_Camper_EngineerToolbox
Addon_Toolbox_006,Item_Camper_LunarToolbox
Addon_Toolbox_006,Item_Camper_MechanicsToolbox
Addon_Toolbox_006,Item_Camper_Toolbox
Addon_Toolbox_006,Item_Camper_Toolbox_Anniversary2022
Addon_Toolbox_006,Item_Camper_WornoutToolbox
Addon_Toolbox_007,Item_Camper_AlexsToolbox
Addon_Toolbox_007,Item_Camper_AnniversaryToolbox
Addon_Toolbox_007,Item_Camper_CommodiousToolbox
Addon_Toolbox_007,Item_Camper_EngineerToolbox
Addon_Toolbox_007,Item_Camper_LunarToolbox
Addon_Toolbox_007,Item_Camper_MechanicsToolbox
Addon_Toolbox_007,Item_Camper_Toolbox
Addon_Toolbox_007,Item_Camper_Toolbox_Anniversary2022
Addon_Toolbox_007,Item_Camper_WornoutToolbox
Addon_Toolbox_008,Item_Camper_AlexsToolbox
Addon_Toolbox_008,Item_Camper_AnniversaryToolbox
Addon_Toolbox_008,Item_Camper_CommodiousToolbox
Addon_Toolbox_008,Item_Camper_EngineerToolbox
Addon_Toolbox_008,Item_Camper_LunarToolbox
Addon_Toolbox_008,Item_Camper_MechanicsToolbox
Addon_Toolbox_008,Item_Camper_Toolbox
Addon_Toolbox_008,Item_Camper_Toolbox_Anniversary2022
Addon_Toolbox_008,Item_Camper_WornoutToolbox
ADDON_toolbox_cuttingwire,Item_Camper_AlexsToolbox
ADDON_toolbox_cuttingwire,Item_Camper_AnniversaryToolbox
ADDON_toolbox_cuttingwire,Item_Camper_CommodiousToolbox
ADDON_toolbox_cuttingwire,Item_Camper_EngineerToolbox
ADDON_toolbox_cuttingwire,Item_Camper_LunarToolbox
ADDON_toolbox_cuttingwire,Item_Camper_MechanicsToolbox
ADDON_toolbox_cuttingwire,Item_Camper_Toolbox
ADDON_toolbox_cuttingwire,Item_Camper_Toolbox_Anniversary2022
ADDON_toolbox_cuttingwire,Item_Camper_WornoutToolbox
ADDON_toolbox_socketswivels,Item_Camper_AlexsToolbox
ADDON_toolbox_socketswivels,Item_Camper_AnniversaryToolbox
ADDON_toolbox_socketswivels,Item_Camper_CommodiousToolbox
ADDON_toolbox_socketswivels,Item_Camper_EngineerToolbox
ADDON_toolbox_socketswivels,Item_Camper_LunarToolbox
ADDON_toolbox_socketswivels,Item_Camper_MechanicsToolbox
ADDON_toolbox_socketswivels,Item_Camper_Toolbox
ADDON_toolbox_socketswivels,Item_Camper_Toolbox_Anniversary2022
ADDON_toolbox_socketswivels,Item_Camper_WornoutToolbox
ADDON_toolbox_springclamp,Item_Camper_AlexsToolbox
ADDON_toolbox_springclamp,Item_Camper_AnniversaryToolbox
ADDON_toolbox_springclamp,Item_Camper_CommodiousToolbox
ADDON_toolbox_springclamp,Item_Camper_EngineerToolbox
ADDON_toolbox_springclamp,Item_Camper_LunarToolbox
ADDON_toolbox_springclamp,Item_Camper_MechanicsToolbox
ADDON_toolbox_springclamp,Item_Camper_Toolbox
ADDON_toolbox_springclamp,Item_Camper_Toolbox_Anniversary2022
ADDON_toolbox_springclamp,Item_Camper_WornoutToolbox
